{"epoch": 49, "_timestamp": 1674075103.1359043, "loss": 0.4274143874645233, "accuracy": 0.8868632912635803, "val_loss": 1.1464948654174805, "val_accuracy": 0.612500011920929, "_runtime": 79.12768530845642, "_step": 49, "best_val_loss": 1.066837191581726, "best_epoch": 40, "_wandb": {"runtime": 78}}