{"epoch": 49, "_timestamp": 1674074226.6555514, "loss": 0.4227968752384186, "accuracy": 0.8868632912635803, "val_loss": 1.0903475284576416, "val_accuracy": 0.6362500190734863, "_runtime": 78.95215249061584, "_step": 49, "best_val_loss": 1.0449436902999878, "best_epoch": 35, "_wandb": {"runtime": 78}}